Modelo,Precio,Categoría,Marca
Alisador Kera Coffee Vegan de 1000 ml.,117.05,tratamientos,
Emulsion Alisadora Maxybelt Libre De Formol - 900 ml,107.81,tratamientos,Maxybelt
Ambroisie Keratina Alisado Sin Formol 4 Pasos - 500 ml,89.99,tratamientos,
Tratamiento protector Lakme de 1000 ml,64.6,tratamientos,
Tratamiento frizz control Lakme de 1000 ml,61.5,tratamientos,
Tratamiento reparador Lakme de 1000 ml,61.5,tratamientos,
Mascarilla curl Loreal Profesional de 200 ml,52.37,tratamientos,
Mascarilla Vitamino color Loreal Profesional de 250 ml,52.37,tratamientos,
Mascarilla Pro longer Loreal de 250 ml,52.37,tratamientos,
Mascarilla metal detox Loreal de 250 ml,52.37,tratamientos,
Mascarilla Liss Unlimited  Loreal de 250 ml,52.37,tratamientos,
Mascarilla Blondifier Loreal de 250 ml,52.37,tratamientos,
Mascarilla Reparadora Gold Loreal de 250 ml,52.37,tratamientos,
KIT CIRUGÍA CAPILAR,46.21,tratamientos,
Spray Vitamino Color 10 en 1 Loreal de 190 ml,44.15,tratamientos,
Mousse 10 en 1 Loreal de 250 ml,44.15,tratamientos,
Leave in Hidratación Loreal de 200 ml,44.15,tratamientos,
Mascarilla vegana colour Echos Line,43.0,tratamientos,Echos Line
Mascarilla Hidratante Intensiva Echos Line de 1000 ml,41.0,tratamientos,Echos Line
Aceite para cabellos secos Echos Line de 100 ml,41.0,tratamientos,Echos Line
Aceite esencial organic Lakme de 100 ml,37.9,tratamientos,
Tratamiento protector de color Lakme de 250 ml,36.45,tratamientos,
Mascarilla crema gel hidratante Lakme de 250 ml,33.4,tratamientos,
Mascarilla de arcilla purificante Lakme de 250 ml,33.4,tratamientos,
Plancha Supreme Lizze 485 F,163.0,capilar,
Máquina Inalámbrica Magic Clip Wahl,112.58,capilar,Wahl
"Plancha Digital Hot Tools - 1""",127.3,capilar,Hot Tools
Plancha Black Gold Revolutionary hot tools - 1 1/4,127.3,capilar,Hot Tools
Secadora Aria Dual Gamma Piu -  Ionic,122.2,capilar,
Alisador Kera Coffee Vegan de 1000 ml.,117.05,capilar,
Emulsion Alisadora Maxybelt Libre De Formol - 900 ml,107.81,capilar,Maxybelt
Tenaza profesional 2 en 1 Hot Tools,107.7,capilar,Hot Tools
Plancha Digital Profesional Hot Tools,102.15,capilar,Hot Tools
Maquina De Corte Absolute Gamma Piu Alpha - Intercambiable,101.65,capilar,
Plancha Black Gold Hot Tools,100.6,capilar,Hot Tools
"Tenaza Cono Nano Ceramic Hot Tools  - 1-1/4""",96.99,capilar,Hot Tools
Cepillo profesional one step Hot Tools,92.4,capilar,Hot Tools
Cepillo Secador Hot Tools - One Step,90.25,capilar,Hot Tools
Ambroisie Keratina Alisado Sin Formol 4 Pasos - 500 ml,89.99,capilar,
Secadora Ionic Gold Tecnoelecttra,87.27,capilar,
Secadora Tecnoelectra Superior - Black,87.27,capilar,
Cepillo profesional one step Hot Tools,86.15,capilar,Hot Tools
"Tenaza Gold Profesional XL 24k Hot Tools -  1""",82.05,capilar,Hot Tools
Plancha Realiss Infrarrojo,79.5,capilar,
Plancha Timco Rose Gold Titanio Led,81.1,capilar,
Secadora Tecnoelectra Tornado Super Turbo - 6000,77.01,capilar,
Tenaza Rizador Timco 4 en 1,75.99,capilar,
CARRO AUXILIAR VEGAS COLOR NEGRO,57.6,capilar,
Set de brochas x15 Picoca,79.17,maquillaje,
Set de brochas x6 Picoca,41.13,maquillaje,
Set De Brochas Generation - 10 unidades,38.9,maquillaje,
Maleta Organizadora Makeup Pro,27.9,maquillaje,
Paleta de sombras Picoca 15 tonos,34.95,maquillaje,
Sombras líquidas colección Rosy,24.95,maquillaje,
Paleta de sombras Gilded Most Loved Milani,28.7,maquillaje,Milani
PALETA DE SOMBRA GILDED TERRA,28.7,maquillaje,
Paleta De Sombras Gilded Luster Light Milani - 15 Tonos,28.7,maquillaje,Milani
Paleta De Sombras Gilded Nude Milani -15 Tonos,28.7,maquillaje,Milani
Paleta de Blush x6 Luis Torres,24.95,maquillaje,
Tónico Exfoliante Glicólico Good Molecules,27.19,maquillaje,
Paleta de Sombras Smokey Picoca x9,25.69,maquillaje,
Paleta de Sombras Nude Picoca x9,25.69,maquillaje,
Set De Brochas Ducare Negra - 15 Unidades,22.5,maquillaje,
Gel Crema Clarificante Good Molecules,24.65,maquillaje,
Primer Facial Chill Out Milani - 30 Ml,24.59,maquillaje,Milani
Primer Facial Matificante Milani - 30 Ml,24.59,maquillaje,Milani
Primer Facial Con Protector Solar Milani - Spf 30,24.59,maquillaje,Milani
Set De Brochas 24 piezas Beauty Creations,22.5,maquillaje,Beauty Creations
Crema de Retinol Suave Good Molecules,23.59,maquillaje,
Base Líquida Milani Conceal+Perfect 2en1 - 30 ml,23.5,maquillaje,Milani
Spray Sellador Milani Make It Last - 3 En 1,23.1,maquillaje,Milani
Rimel Antigravedad Milani - Negro Intenso,22.49,maquillaje,Milani
Cepillo profesional one step Hot Tools,92.4,cuidado-facial,Hot Tools
Sérum Facial con Vitamina C10 La Roche-Posay,56.47,cuidado-facial,
Bassa Serum  Reafirmante  Rellenador Antiedad,36.85,cuidado-facial,
Bassa Serum Anti Imperfecciones Peeling Diario,36.85,cuidado-facial,
Gel Purificante Effaclar - La Roche Posay 400 ml,34.9,cuidado-facial,
Protector Eucerin  Niños SPF50 150ml,30.8,cuidado-facial,
Crema Hidratante Facial White In Milk Whipping G9 Skin,30.25,cuidado-facial,G9
Contorno de ojos White in Milk capsule G9 Skin,30.25,cuidado-facial,G9
Micro Exfoliante Facial La Roche - Effaclar,29.77,cuidado-facial,
HYDRIN HYALURONIC CREMA NOCHE POTE X 50G,23.87,cuidado-facial,
HYDRIN HYALURONIC CREMA DIA x50gr,23.87,cuidado-facial,
Exfoliante Líquido Black Head Cosrx,29.95,cuidado-facial,
Crema spot tratamiento para acné Cosrx,28.19,cuidado-facial,
Limpiador Espumoso para el Acné Good Molecules,27.09,cuidado-facial,
Tónico Iluminador De Niacinamida Good Molecules,27.09,cuidado-facial,
Serum Corrector De Decoloración Good Molecules,27.09,cuidado-facial,
Serum En Capsula White In Milk G9 Skin,26.59,cuidado-facial,G9
Eucerin Loción Micelar Facial Limpiadora,26.29,cuidado-facial,
Protector Solar La Roche - Uvmune 50 +,26.95,cuidado-facial,
Protector Solar White In Milk Sun Plus G9 - SPF 50,25.5,cuidado-facial,G9
Crema de Retinol Suave Good Molecules,23.59,cuidado-facial,
Contorno De  Ojos Bio Femme - luminous Serum,23.61,cuidado-facial,
Gel en Crema Neutrogena  SPF30 Anti-Edad de 40 gr,23.1,cuidado-facial,
Espuma de aceite de burbujas de Toronja,23.09,cuidado-facial,
Máquina esterilizadora profesional Master Nails,82.9,unas,
Máquina Esterilizadora - Digital 13 Watt,74.9,unas,
Pincel Duo Master Nails Kolinsky Premier,38.49,unas,
Monómero Master Nails 16 oz,34.95,unas,
Pincel Kolinsky Mia Secret - Número 7,30.7,unas,Mia Secret
Tijera para cutícula Staleks,27.07,unas,Staleks
Pincel Glam Nails Número 8 KOLINSKY,22.9,unas,
Alicate para mano Staleks,19.49,unas,Staleks
Alicate para mano Staleks,19.49,unas,Staleks
Alicate de mano Staleks,20.28,unas,Staleks
Pincel Kolinsky 14 Glam Nails,19.8,unas,
Broca Pulidora De Ceramica Mia Secret - 18 Medium,20.01,unas,Mia Secret
Polvos Acrílico Fireworks Mia Secret - 1/4oz,19.46,unas,Mia Secret
Polvo Acrílico Las Vegas Mia Secret - 1/4 Oz,19.46,unas,Mia Secret
Polvo Acrílico Mia Secret Pink Star - 2 oz,18.06,unas,Mia Secret
Polvo Acrílico Cover Beige Mia Secret - 2oz,18.06,unas,Mia Secret
Tijera para cutícula Staleks,18.49,unas,Staleks
Alicate con resorte para manos y pies de acero quirúrgico,15.95,unas,
Alicate de acero quirúrgico con resorte Master Nails,15.95,unas,
Estuche organizador Master Nails,13.25,unas,
Pincel kolinsky 14 Glam Nails,16.49,unas,
Alicate de acero quirúrgico Master Nails,14.95,unas,
Uñas Clear Mia Secret - Almond,15.35,unas,Mia Secret
Broca Pulidora Mia Secret Flame Coarse - 16C,15.35,unas,Mia Secret
Set de crema y splash C&L,12.31,joyerias-y-novedades,N/A
Bolso para viaje Glam Beauty,8.95,joyerias-y-novedades,Glam Beauty
Cartera con cadena Ferrara,10.2,joyerias-y-novedades,N/A
Billetera Mediana 4 colores ferrara,6.49,joyerias-y-novedades,N/A
Cartera color Pastel Ferrara,6.5,joyerias-y-novedades,N/A
Set de collar y aretes de acero inoxidable Siena,7.18,joyerias-y-novedades,N/A
Set de collar y aretes de acero inoxidable Siena,7.18,joyerias-y-novedades,N/A
Aretes de 6 pares Siena,3.49,joyerias-y-novedades,N/A
Aretes de 6 pares Siena,3.49,joyerias-y-novedades,N/A
Aretes de 6 pares Siena,3.49,joyerias-y-novedades,N/A
Set aretes + collar acero inoxidable de oro galvanizado,7.18,joyerias-y-novedades,N/A
Collar diseño perlas Siena,7.18,joyerias-y-novedades,N/A
Set de collar y aretes de acero inoxidable Siena,7.18,joyerias-y-novedades,N/A
Set de collar y aretes de acero inoxidable Siena,7.18,joyerias-y-novedades,N/A
Set de collar y aretes de acero inoxidable Siena,7.18,joyerias-y-novedades,N/A
Set de collar y aretes de acero inoxidable Siena,7.18,joyerias-y-novedades,N/A
Set de aretes 6 pares Siena,3.49,joyerias-y-novedades,N/A
Set de aretes 6 pares Siena,3.49,joyerias-y-novedades,N/A
Set de aretes 6 pares Siena,3.49,joyerias-y-novedades,N/A
Tarjetero 4 colores Ferrara,4.5,joyerias-y-novedades,N/A
Tarjetero 4 Colores Ferrara,4.5,joyerias-y-novedades,N/A
Crema corporal C&L,5.24,joyerias-y-novedades,N/A
Argollas de Fiesta Siena,2.25,joyerias-y-novedades,N/A
Argollas dobles Siena,2.25,joyerias-y-novedades,N/A
